uuid,tagRefId
645461be-32f3-4632-ab3c-d44e5415790f,1
e68dbd4b-a48e-4613-a23d-eab9674c2b57,1
c44f4f36-caa8-4aec-880c-e5871978e01b,1
4894a63f-19d4-4b85-814b-722983b46086,1
8A33ADF0-A5FB-4FCA-BAE7-E0AC4387E41E,
9782f301-1c63-488f-bdb8-609a23ac2859,
d3adeaa9-eb28-4467-9437-87ed12276fdd,
a7dedb56-cd4c-4af6-85a5-4e0992e7ad1a,1
046fd681-0466-4648-8203-3d6623d3dbe4,1
205bbf34-d171-4562-b0c0-8d6e66626bf9,1
64c3934a-6ba6-4e51-8f6b-9226b12127a2,1
20d652cc-cf32-4561-a1e9-ee29f00fa8cd,1
b8794b1f-7802-47dc-9007-6984aff751b7,
2c4e5b57-7d55-4358-93f9-4d874c7c5323,
18a3d456-6913-44df-8943-dfc81300f3e9,
7fe43363-680e-4330-a4a1-ae1193d9f7e0,1
9c1bbaca-71d3-42ba-9030-8ab372d38f0f,1
fef635ff-3315-48b9-9bb9-40b34d8a75ff,1
2a4db29a-2141-451f-bcec-c821870a8437,
4ee4999e-8dc2-4367-919b-58ab5da92e7a,1
113ad66b-50c3-48af-9e78-3f52e7ea703f,1
83865c08-245c-4ce1-b474-c80d1632bd4e,1
2a1bd65c-89b8-4479-bc38-07cea085937b,
E5E69887-02B0-4D92-B572-818A53EC24BE,
2A92D826-EF89-44A4-900C-42EB04D940A7,
1c2315fb-f1d4-4a0a-9939-c30280bcfe62,1
4b70a1d9-c4b3-481a-8b4a-3d4182fa232c,
27d3981b-af80-4c50-bccc-d883465bcec3,
214cf3c0-a381-4a5e-b179-ec9a13bb185b,
07a85bf6-0663-4890-9306-3feab8171d86,1
A7673101-1E50-4647-A6AF-3F2654164690,
edba4347-42ed-47d9-a3cb-a8da835feb3f,1
ab6888db-4469-46c4-9121-ef244a439733,1
99d94f88-9a22-45ca-96a8-853f66fd1bd1,1
12b7630e-e3cb-4bd9-b6e2-5b22d6f94558,1
43ae77d2-8af7-4c5e-bbcb-bc22718d7fca,1
e3fc4db6-7398-4974-8181-5a9bff0e7803,1
bb2d6bd2-c667-409b-99c0-cabfb1b94bbe,1
25f848fe-270d-4bbf-bdba-66455e5b4409,1
0D2E4700-C8FA-46F1-8C29-EABD3956709E,
40a247bc-b8c8-44e0-8783-e444bb60cf76,1
3a6546b6-46df-4f00-8007-c68e87ed3c51,1
1ac0da9c-1ff0-45b0-8999-cfb5255fe08b,
e941cd3c-24db-4ff9-929c-fa5d0cdab2de,1
29226495-e792-4d99-a204-70d0820c07a6,
37306495-e501-492a-a357-8b64c7ef7775,
35848507-464d-4b9b-b291-6985a531abf1,1
4175faf3-cd02-41c5-a500-a74b3a2a5f9b,
f1eccfca-635b-43ed-9eb9-e25deadbcac7,
e8e24482-ef52-44d0-a854-484a4783e35f,
F97187C5-DB54-4E65-AD81-32CFC44DDC4E,
f6163503-f5b2-459a-a60a-0d2dfd76c244,1
464676ab-a69b-4b69-b369-c7abd5fcbfca,1
a00af602-d545-4dff-8b62-779d41f5709e,
522ec4c3-2e6e-4094-8410-e834afcd1564,1
9244d6d5-c4cb-4f32-9b4a-7be4aefaa145,1
e6a0375f-743f-4203-81a7-3579982d1d8e,1
f07f1aa4-c9b5-476c-aa8f-51c58d7b2170,1
e5a2cd90-666b-4b5a-9fbe-166d9ba5d997,
7b02c2df-66cd-40b0-89c5-9a0bf1078a00,
b6dcd4c9-6fb5-4402-9b92-863d9fc9a8c4,
296f3874-3e77-4917-abbd-b4df61892154,1
2ba0b36c-d352-458a-82b5-6d8043771295,
b4fac8f0-452d-46b7-a3e7-69883b3b9fb7,1
aceb7319-262c-42f7-8c80-2dbf71a64b74,1
6c6bec43-7b75-4b76-8737-445f36b7b3b5,1
f25455ee-abd7-4c5b-b560-907787e8ff45,
727b091a-870f-4b7f-8aa9-a18ca3ad6151,1
6c2152dd-1342-42b1-83e4-3c60b6f7d4df,1
1fc4e12a-407e-410d-b89c-d7a2ceee1305,1
b510db8f-c11e-4581-bd5f-1cc98b95f816,1
4b57f870-f012-40da-ae40-748e3514202c,1
3426dd25-cd18-4f53-94b7-d05fa25eea9f,1
bba9ce3d-ed48-4218-a1a6-d97644b81435,
498b7fa0-14b9-4ce5-8437-c563fdbfd617,
3db3574f-8c5c-4034-9566-33fbeb4ee25a,1
c0620bb1-75f0-43f9-b8b8-c02888760a6b,
adbfa054-08ca-442f-8971-464507513753,
bcef2a45-0482-4d35-904e-f9c5e809d0e7,1
cb88bab3-cb2f-4f01-bcad-4205ab334e69,1
c75860de-395f-43f3-b66c-7e2b630ad3d5,1
ee46178b-33d9-470d-a8b2-83bf95c34668,
5c89dd9c-f788-44c1-b571-4464c1cc5bde,1
090463e1-308a-494a-bf0d-f30678e8cd37,
4f91d5ff-81f6-4f82-b695-d8fa9af6c90d,1
14906c32-642d-4acf-8939-c6478277b8fc,1
61735fa0-d88b-41b7-b29f-fddccf7b899e,1
21837d10-698a-4318-b823-308fe9da2dc4,
4b74cb29-d6d7-4612-9c2e-ee5bf717fa4f,1
d102cbc3-53af-4bae-a250-7c8c2dffe72f,1
c375e4cb-501f-4851-9b2c-42567ae86691,1
40162811-873f-487b-9018-b7b73362fc7f,
6fc5309e-c0eb-4ab8-a4c7-f1f393ba7702,
c9907fa4-1529-449a-9964-2f87ee5130ca,1
8f5e4069-3104-4d80-943e-748f157d84a1,1
d0bc0272-a13f-41d6-a605-33a067b5c5d0,
0df41d82-813d-4798-8ee2-685e94957af3,1
59c2452e-d0d9-4f71-aebd-3e68c9356555,1
564f9022-b3c5-4c2c-baec-941a7447b36b,1
85735c3a-fc6e-43b3-8bdf-31c6f2d5e8a3,1
86f2a809-9443-43d2-8902-f095608679d1,
00acdbdc-644a-4760-8cbb-8a252c44d0f7,1
e5c19cf2-dcab-4a70-8708-555bf50f8ac9,
de73cd34-4c56-412f-bb2d-dfc12bab5dc8,1
1fd5d93f-a588-494f-bf72-802de77738e4,1
086be2ce-2b86-4b90-8998-a254a1fcd08c,
cf00ea1a-f81c-421f-9ebe-0fbf602713e8,1
f5f91733-4e0a-4043-a834-2dc7655494a1,1
182d139e-7374-4bbc-9395-7eec097add96,1
dc2e195b-5e73-4697-b1f0-f5d165aa91fa,
0a8cf190-0a44-4bce-bcae-8c3209415236,
d014e7f2-73f9-4282-8f69-9fe6f1ac5a5d,
55B444B9-7A7B-42B9-A353-0909371EA1D7,
cf1a07d7-a67f-4658-bb6e-8a9b1a740398,1
2C088217-C7E3-47CD-BED8-15077C39AF0F,
63038273-AAC5-4DD5-B5F2-F41652C79C11,
c987b64f-939f-43f4-a6d2-ef716eb6a7dc,
61250d64-0fba-4cdc-9a10-df6835b14819,1
fbdc2a21-72d4-4c1a-a7e9-42c01fe6d4b2,1
5a89dcec-90b9-4272-bb7b-c6618817b6da,1
81c7a8c6-7acd-4bd9-bfa4-27e273c22130,
4a484d0c-ac96-4a3c-a377-943ca8ab947d,
dd4941c4-96f3-4ac8-a3e5-82f421e9ff00,1
81ba219c-7ce1-4a22-a505-c23175210cb7,
12d984cc-44e0-4965-84f8-2a8ee8f71534,
c2e66b84-38a7-4be2-94d6-84acb16b08b6,1
6f360f01-0a64-4245-80fd-e0d93522f44b,
d74687ee-40ce-447c-a383-ccef90b72553,1
37c1b65d-caf2-4ba0-b0e3-998bc2853f64,1
f290ff5e-14bc-47ac-acc0-167d807d5ee9,1
f1a8a745-0e93-4948-a416-5013217bd0b3,
26d64e17-b813-42ed-b233-e17261a2e547,
4ae5f77f-ee6e-46a9-acfd-005cc8f91bc7,
8299b6aa-0c0a-439a-87a4-4259a592ac14,
c4981f4f-560b-4af5-8dc5-89e1f8abc17c,
a649bf02-116c-4597-a063-fb537811e04c,1
322f2987-3e3e-4d89-886f-63851dd3f2b8,1
df4ccbf6-2163-4905-adab-ac99cb034690,1
2e2fc819-c590-4f07-939f-1336b423662e,1
4acdda57-95a0-40b6-bd24-8f68b4513029,1
49a105e1-8b86-43b9-9c4a-c30226ae4dfc,1
84c7aa8d-888b-4eef-a929-c39a92bc599c,1
a60c87e1-ef7c-4aa0-84a9-9ad041cb27c4,1
40c69864-0788-4733-adbd-cf0c1f4da02f,
98fff41b-4f23-4b04-9cca-24adf08f0884,
7d8fb3db-60a3-4fcd-ab13-38e3b8f828dc,
46913697-1172-4123-873b-f5c0fc161084,
ff134bf9-29ad-4abe-9cd1-1aa9767b184d,
